Ingeniero/a de Procesos Junior,SEGULA Technologies,"Ourense, Galicia, Spain",https://es.linkedin.com/jobs/view/ingeniero-a-de-procesos-junior-at-segula-technologies-3800991277?refId=SaPTc9EPU3fHoDTVesCV0g%3D%3D&trackingId=pXxqpGAOtJhfrzb4TlOjoA%3D%3D&position=1&pageNum=0&trk=public_jobs_jserp-result_search-card
Ingeniero de Diseño Industrial,Adventus Plus,"Ourense, Galicia, Spain",https://es.linkedin.com/jobs/view/ingeniero-de-dise%C3%B1o-industrial-at-adventus-plus-3782018723?refId=SaPTc9EPU3fHoDTVesCV0g%3D%3D&trackingId=w%2Bl0QwWoC19jGgMT%2B9ipGA%3D%3D&position=2&pageNum=0&trk=public_jobs_jserp-result_search-card
Ingeniero/a de caminos para obra en Lugo,EMPRESAS IMAN,"Monforte de Lemos, Galicia, Spain",https://es.linkedin.com/jobs/view/ingeniero-a-de-caminos-para-obra-en-lugo-at-empresas-iman-3605234441?refId=SaPTc9EPU3fHoDTVesCV0g%3D%3D&trackingId=hhGOUjLPGZOe2QvmNq2s7Q%3D%3D&position=3&pageNum=0&trk=public_jobs_jserp-result_search-card
Ingeniero/a de proyecto (Renovables),WeHunt España,"Ourense, Galicia, Spain",https://es.linkedin.com/jobs/view/ingeniero-a-de-proyecto-renovables-at-wehunt-espa%C3%B1a-3798116358?refId=SaPTc9EPU3fHoDTVesCV0g%3D%3D&trackingId=m1yhCvQXcmOiKm9O2FoPrA%3D%3D&position=4&pageNum=0&trk=public_jobs_jserp-result_search-card
Ingeniero/a diseño de RF,Televes Corporation,"Villamarín, Galicia, Spain",https://es.linkedin.com/jobs/view/ingeniero-a-dise%C3%B1o-de-rf-at-televescorporation-3664539957?refId=SaPTc9EPU3fHoDTVesCV0g%3D%3D&trackingId=odvBF8f%2BOAEK%2FCkppEUSCA%3D%3D&position=5&pageNum=0&trk=public_jobs_jserp-result_search-card
Ingeniero/a de Proyecto,WeHunt España,"Ourense, Galicia, Spain",https://es.linkedin.com/jobs/view/ingeniero-a-de-proyecto-at-wehunt-espa%C3%B1a-3793938622?refId=SaPTc9EPU3fHoDTVesCV0g%3D%3D&trackingId=ZKTdIjFj%2Fg86saBnsdM4fw%3D%3D&position=6&pageNum=0&trk=public_jobs_jserp-result_search-card
Ingeniero/a de Procesos,SEGULA Technologies,"Ourense, Galicia, Spain",https://es.linkedin.com/jobs/view/ingeniero-a-de-procesos-at-segula-technologies-3772421580?refId=SaPTc9EPU3fHoDTVesCV0g%3D%3D&trackingId=IWdCLjeOaiR8oeTGJ2JJIw%3D%3D&position=7&pageNum=0&trk=public_jobs_jserp-result_search-card
Ingeniero de I+D,Morgan Philips Group,"Ourense, Galicia, Spain",https://es.linkedin.com/jobs/view/ingeniero-de-i%2Bd-at-morgan-philips-group-3727203690?refId=SaPTc9EPU3fHoDTVesCV0g%3D%3D&trackingId=VGxMpCYMoqSPwULz8mrZSw%3D%3D&position=8&pageNum=0&trk=public_jobs_jserp-result_search-card
Haustechniker (m/w/d) / Lagerist (m/w/d) - Rothenburg,Diakoneo,"Pereiro de Aguiar, Galicia, Spain",https://es.linkedin.com/jobs/view/haustechniker-m-w-d-lagerist-m-w-d-rothenburg-at-diakoneo-3765698358?refId=SaPTc9EPU3fHoDTVesCV0g%3D%3D&trackingId=3ML%2FfBR83ag%2FvuEHmBI0ng%3D%3D&position=9&pageNum=0&trk=public_jobs_jserp-result_search-card
Ingeniero/a de sistemas de seguridad y PCI,Adecco,"León, Galicia, Spain",https://es.linkedin.com/jobs/view/ingeniero-a-de-sistemas-de-seguridad-y-pci-at-adecco-3734887724?refId=SaPTc9EPU3fHoDTVesCV0g%3D%3D&trackingId=%2FiFt2mKjv8%2FW676wSxpQyg%3D%3D&position=10&pageNum=0&trk=public_jobs_jserp-result_search-card
Tech Lead / Arquitecto Software,Robert Walters,"León, Galicia, Spain",https://es.linkedin.com/jobs/view/tech-lead-arquitecto-software-at-robert-walters-3790035540?refId=SaPTc9EPU3fHoDTVesCV0g%3D%3D&trackingId=BdGYCiqStaRWmAhXL7kQ0g%3D%3D&position=11&pageNum=0&trk=public_jobs_jserp-result_search-card
"Ingeniero/a de Caminos, Canales y Puertos",Grupo Tragsa,"Ourense, Galicia, Spain",https://es.linkedin.com/jobs/view/ingeniero-a-de-caminos-canales-y-puertos-at-grupo-tragsa-3792377225?refId=SaPTc9EPU3fHoDTVesCV0g%3D%3D&trackingId=Jkji8bHJvr3ZsNzKr3lRdA%3D%3D&position=12&pageNum=0&trk=public_jobs_jserp-result_search-card
.NET Developer,Robert Walters,"León, Galicia, Spain",https://es.linkedin.com/jobs/view/net-developer-at-robert-walters-3790037037?refId=SaPTc9EPU3fHoDTVesCV0g%3D%3D&trackingId=wWNNZ8hd1cg3rCIQx8ZUfQ%3D%3D&position=13&pageNum=0&trk=public_jobs_jserp-result_search-card
Senior Geometry Software Development Engineer - C++,Altair,"Ourense, Galicia, Spain",https://es.linkedin.com/jobs/view/senior-geometry-software-development-engineer-c%2B%2B-at-altair-3698375206?refId=SaPTc9EPU3fHoDTVesCV0g%3D%3D&trackingId=QSd7jYpckMwQ%2FpgledDkkw%3D%3D&position=14&pageNum=0&trk=public_jobs_jserp-result_search-card
Field Sales Engineer Industry & Municipal,Hach,"Ourense, Galicia, Spain",https://es.linkedin.com/jobs/view/field-sales-engineer-industry-municipal-at-hach-3769588403?refId=SaPTc9EPU3fHoDTVesCV0g%3D%3D&trackingId=fDADVQVFO8%2FQYZe0hwJX2w%3D%3D&position=15&pageNum=0&trk=public_jobs_jserp-result_search-card
